metric,baseline,crf
accuracy,0.9832074091984675,0.9834008436936599
precision_macro,0.9013583580527617,0.9023085911357889
recall_macro,0.9903043096248361,0.990339354260791
f1_macro,0.9404765002188784,0.9410865496666089
mIoU,0.891927610730653,0.8929368856088747
